id;lecturer_id;email;password;name;surname;date_of_birth;mobile
1;2205;Bulan13@hotmail.com;Chief;radical Small;Liaison quantify;2022-04-15;CSS Rubber
2;6955;Bdstudun.Sinanolu50@gmail.com;Account Savings Switchable;synergies Hat Kuveyt;index calculating;2022-04-15;Towels Baby
3;73095;Bulut89@yahoo.com;Soft Consultant;content-based;engineer Tasty bandwidth;2022-04-15;dynamic Dynamic Coordinator
4;76445;Badabul75@yahoo.com;Account;Gibraltar Investment Shoes;Lek Granite;2022-04-15;paradigm Naira
5;83785;Ablay27@yahoo.com;innovate Shoes parsing;Business-focused;Chicken deposit Cambridgeshire;2022-04-15;magnetic
6;48539;Aydomu_Bier@yahoo.com;real-time Shoes Hat;synthesize;Idaho Soft non-volatile;2022-04-15;Soft Legacy
7;94121;Erin.Gmpala@yahoo.com;Uruguay SÄ±rbistan;killer Producer Lead;payment Ball Regional;2022-04-15;Market SSL
8;72978;Buyanuk_Yazc@yahoo.com;Kyat bandwidth Keyboard;deposit Assimilated Crescent;Central;2022-04-14;Vista
9;16348;Bukak37@hotmail.com;Plain Berkshire;Avon;policy Gloves;2022-04-15;Implementation
10;54768;Ceyhun81@gmail.com;virtual;Cambridgeshire;regional;2022-04-15;full-range synthesize Buckinghamshire
